"","V1","V2","V3","ind","pop"
"K11.bam",9.63e-05,0.4669508,0.532953,"K11.bam","K"
"K12.bam",1e-04,0.5521355,0.4477645,"K12.bam","K"
"K14.bam",0.0179701,0.5151255,0.4669045,"K14.bam","K"
"K15.bam",0.0225296,0.3004054,0.677065,"K15.bam","K"
"K208.bam",0.4334329,0.0001002,0.5664669,"K208.bam","K"
"K209.bam",0.2675084,0.0001002,0.7323914,"K209.bam","K"
"K210.bam",0.1201376,9.99e-05,0.8797625,"K210.bam","K"
"K214.bam",0.3628667,0.0001001,0.6370332,"K214.bam","K"
"K215.bam",0.1239494,9.96e-05,0.8759511,"K215.bam","K"
"K217.bam",0.2978614,0.0805595,0.6215791,"K217.bam","K"
"K218.bam",0.1805435,1e-04,0.8193564,"K218.bam","K"
"K219.bam",0.3582399,0.0259825,0.6157776,"K219.bam","K"
"K220.bam",0.0286602,0.0358121,0.9355277,"K220.bam","K"
"K221.bam",0.409544,0.0982477,0.4922082,"K221.bam","K"
"K222.bam",0.2511386,0.0821661,0.6666954,"K222.bam","K"
"K223.bam",0.2833939,0.0162264,0.7003797,"K223.bam","K"
"K226.bam",0.2623752,9.99e-05,0.7375249,"K226.bam","K"
"K230.bam",0.2613115,0.0464866,0.6922019,"K230.bam","K"
"K7.bam",0.188757,0.1447019,0.666541,"K7.bam","K"
"K9.bam",9.73e-05,0.7022417,0.297661,"K9.bam","K"
"M11.bam",0.6678222,0.0726897,0.2594881,"M11.bam","M"
"M12.bam",0.7909504,0.081141,0.1279086,"M12.bam","M"
"M13.bam",0.5941658,0.0355176,0.3703166,"M13.bam","M"
"M14.bam",0.8131998,0.0984358,0.0883644,"M14.bam","M"
"M15.bam",0.8218459,0.1160476,0.0621065,"M15.bam","M"
"M16.bam",0.5237274,0.0660747,0.4101979,"M16.bam","M"
"M19.bam",0.5995033,0.0541226,0.346374,"M19.bam","M"
"M25.bam",0.7651994,0.1542823,0.0805183,"M25.bam","M"
"M27.bam",0.4403374,0.1094606,0.4502019,"M27.bam","M"
"M31.bam",0.6629447,0.1378601,0.1991952,"M31.bam","M"
"M32.bam",0.8396618,0.0942224,0.0661159,"M32.bam","M"
"M37.bam",0.790585,0.1149696,0.0944454,"M37.bam","M"
"M38.bam",0.7893413,0.1455494,0.0651093,"M38.bam","M"
"M39.bam",0.6903056,0.0872608,0.2224336,"M39.bam","M"
"M40.bam",0.7585004,0.1156368,0.1258629,"M40.bam","M"
"M52.bam",0.759329,0.1309562,0.1097149,"M52.bam","M"
"M53.bam",0.6127858,0.1462973,0.2409169,"M53.bam","M"
"M55.bam",0.6454705,0.0701487,0.2843807,"M55.bam","M"
"M7.bam",0.6499379,0.1407923,0.2092698,"M7.bam","M"
"M8.bam",0.6516424,0.0714041,0.2769535,"M8.bam","M"
"O1.bam",0.2316485,0.7387241,0.0296273,"O1.bam","O"
"O11.bam",0.344546,0.6024066,0.0530474,"O11.bam","O"
"O12.bam",0.4651785,0.5273722,0.0074493,"O12.bam","O"
"O13.bam",0.5159476,0.3778013,0.1062512,"O13.bam","O"
"O14.bam",0.8965139,0.0474362,0.0560498,"O14.bam","O"
"O15.bam",0.7734804,0.1908025,0.035717,"O15.bam","O"
"O151.bam",0.8001972,0.1489111,0.0508917,"O151.bam","O"
"O152.bam",0.7618833,0.1252726,0.1128442,"O152.bam","O"
"O153.bam",0.7631925,0.1693053,0.0675021,"O153.bam","O"
"O154.bam",0.7459536,0.1477784,0.1062681,"O154.bam","O"
"O155.bam",0.8022323,0.1235355,0.0742322,"O155.bam","O"
"O156.bam",0.8169555,0.0481576,0.1348869,"O156.bam","O"
"O157.bam",0.7677757,0.1628424,0.069382,"O157.bam","O"
"O158.bam",0.4312623,0.4330496,0.1356881,"O158.bam","O"
"O159.bam",0.8270386,0.0970575,0.0759038,"O159.bam","O"
"O160.bam",0.8096638,0.0516047,0.1387315,"O160.bam","O"
"O161.bam",0.6343591,0.1610313,0.2046096,"O161.bam","O"
"O162.bam",0.7212058,0.1332594,0.1455348,"O162.bam","O"
"O163.bam",0.7541444,0.0471387,0.1987169,"O163.bam","O"
"O164.bam",0.844716,0.1196892,0.0355947,"O164.bam","O"
"O165.bam",0.9958784,9.96e-05,0.004022,"O165.bam","O"
"O167.bam",0.0001005,0.4100554,0.5898442,"O167.bam","O"
"O2.bam",0.7537673,0.0945561,0.1516767,"O2.bam","O"
"O2c.bam",0.0592594,0.9406415,9.91e-05,"O2c.bam","O"
"O6.bam",0.1789241,0.820976,1e-04,"O6.bam","O"
"O7.bam",9.97e-05,0.6394843,0.3604158,"O7.bam","O"
"O8.bam",0.4750514,0.5248492,9.94e-05,"O8.bam","O"
"O9.bam",0.1120637,0.4301542,0.4577821,"O9.bam","O"
"S23.bam",0.1103372,0.8814262,0.0082366,"S23.bam","S"
"S24.bam",0.7904683,0.1367941,0.0727375,"S24.bam","S"
"S25.bam",0.724838,0.1892432,0.0859188,"S25.bam","S"
"S26.bam",0.679028,0.1130585,0.2079135,"S26.bam","S"
"S27.bam",0.7412143,0.1331771,0.1256086,"S27.bam","S"
"S28.bam",0.6804091,0.159805,0.1597858,"S28.bam","S"
"S30.bam",0.7608817,0.1319562,0.107162,"S30.bam","S"
"S31.bam",0.8588588,0.0879529,0.0531884,"S31.bam","S"
"S32.bam",0.7917887,0.0861771,0.1220342,"S32.bam","S"
"S35.bam",0.6705781,0.2962695,0.0331524,"S35.bam","S"
"S36.bam",0.9129139,0.0326182,0.0544678,"S36.bam","S"
"S37.bam",0.7364661,0.1451654,0.1183686,"S37.bam","S"
"S39.bam",0.8330731,0.01241,0.1545168,"S39.bam","S"
"S42.bam",0.8558367,0.0596947,0.0844686,"S42.bam","S"
"S43.bam",0.8217806,0.0457461,0.1324732,"S43.bam","S"
"S44.bam",0.8365837,0.0167558,0.1466605,"S44.bam","S"
"S45.bam",0.863651,0.1069611,0.0293878,"S45.bam","S"
"S46.bam",0.8275205,0.0500592,0.1224202,"S46.bam","S"
"W26b.bam",0.8159541,0.0354562,0.1485897,"W26b.bam","W"
"W27c.bam",0.2114225,0.7884775,9.99e-05,"W27c.bam","W"
"W30c.bam",0.1559363,0.8439635,0.0001002,"W30c.bam","W"
"Wi7ACCA.bam",0.7982797,0.1447509,0.0569693,"Wi7ACCA.bam","W"
"Wi7AGAC.bam",0.7029651,0.1807517,0.1162832,"Wi7AGAC.bam","W"
"Wi7AGTG.bam",0.7928461,0.0894626,0.1176913,"Wi7AGTG.bam","W"
"Wi7CATC.bam",0.7904724,0.1850971,0.0244305,"Wi7CATC.bam","W"
"Wi7CTAC.bam",0.5292313,0.4041321,0.0666367,"Wi7CTAC.bam","W"
"Wi7GCTT.bam",0.6642844,0.3047944,0.0309211,"Wi7GCTT.bam","W"
"Wi7GTGA.bam",0.820226,0.1061239,0.0736501,"Wi7GTGA.bam","W"
"Wi7GTGT.bam",0.7023702,0.2975299,9.99e-05,"Wi7GTGT.bam","W"
"Wi7TCAG.bam",0.7808175,0.2020986,0.017084,"Wi7TCAG.bam","W"
"Wi7TGTC.bam",0.1115987,0.8883018,9.95e-05,"Wi7TGTC.bam","W"
"Wi8CTAC.bam",0.8385813,0.1481366,0.0132821,"Wi8CTAC.bam","W"
"Wi8GACT.bam",0.5448413,0.4183037,0.0368549,"Wi8GACT.bam","W"
"Wi8GCTT.bam",0.7862122,0.1023858,0.1114019,"Wi8GCTT.bam","W"
"Wi8GTGT.bam",0.730762,0.1720393,0.0971988,"Wi8GTGT.bam","W"
"Wi8TGTC.bam",0.1309265,0.8689734,0.0001001,"Wi8TGTC.bam","W"
